<colorScheme saveOptions="ChangedThemeColors">
  <themes>
    <theme type="Qios.DevSuite.Components.QThemeInfo, Qios.DevSuite.Components">
      <themeName>Angry fruit salad</themeName>
    </theme>
  </themes>
  <color type="Qios.DevSuite.Components.QColor, Qios.DevSuite.Components" name="ExplorerBarPressedItemBorder">
    <Angry_x0020_fruit_x0020_salad>Red</Angry_x0020_fruit_x0020_salad>
  </color>
  <color type="Qios.DevSuite.Components.QColor, Qios.DevSuite.Components" name="ExplorerBarHotGroupItemBackground2">
    <Angry_x0020_fruit_x0020_salad>YellowGreen</Angry_x0020_fruit_x0020_salad>
  </color>
  <color type="Qios.DevSuite.Components.QColor, Qios.DevSuite.Components" name="DockingWindowTabButtonBorderNotActive">
    <Angry_x0020_fruit_x0020_salad>Yellow</Angry_x0020_fruit_x0020_salad>
  </color>
  <color type="Qios.DevSuite.Components.QColor, Qios.DevSuite.Components" name="DockBarBackground2">
    <Angry_x0020_fruit_x0020_salad>Aqua</Angry_x0020_fruit_x0020_salad>
  </color>
  <color type="Qios.DevSuite.Components.QColor, Qios.DevSuite.Components" name="ToolBarFormBackground2">
    <Angry_x0020_fruit_x0020_salad>Aqua</Angry_x0020_fruit_x0020_salad>
  </color>
  <color type="Qios.DevSuite.Components.QColor, Qios.DevSuite.Components" name="ToolBarFormBackground1">
    <Angry_x0020_fruit_x0020_salad>Yellow</Angry_x0020_fruit_x0020_salad>
  </color>
  <color type="Qios.DevSuite.Components.QColor, Qios.DevSuite.Components" name="DockBarButtonBorder">
    <Angry_x0020_fruit_x0020_salad>Red</Angry_x0020_fruit_x0020_salad>
  </color>
  <color type="Qios.DevSuite.Components.QColor, Qios.DevSuite.Components" name="ExplorerBarCheckedItemBorder">
    <Angry_x0020_fruit_x0020_salad>White</Angry_x0020_fruit_x0020_salad>
  </color>
  <color type="Qios.DevSuite.Components.QColor, Qios.DevSuite.Components" name="ToolBarFormCaption2">
    <Angry_x0020_fruit_x0020_salad>Red</Angry_x0020_fruit_x0020_salad>
  </color>
  <color type="Qios.DevSuite.Components.QColor, Qios.DevSuite.Components" name="DockingWindowTabStrip2">
    <Angry_x0020_fruit_x0020_salad>Wheat</Angry_x0020_fruit_x0020_salad>
  </color>
  <color type="Qios.DevSuite.Components.QColor, Qios.DevSuite.Components" name="DockingWindowTabStrip1">
    <Angry_x0020_fruit_x0020_salad>Goldenrod</Angry_x0020_fruit_x0020_salad>
  </color>
  <color type="Qios.DevSuite.Components.QColor, Qios.DevSuite.Components" name="MenuBackground2">
    <Angry_x0020_fruit_x0020_salad>Wheat</Angry_x0020_fruit_x0020_salad>
  </color>
  <color type="Qios.DevSuite.Components.QColor, Qios.DevSuite.Components" name="MenuBackground1">
    <Angry_x0020_fruit_x0020_salad>Yellow</Angry_x0020_fruit_x0020_salad>
  </color>
  <color type="Qios.DevSuite.Components.QColor, Qios.DevSuite.Components" name="RibbonTabButtonActiveBackground2">
    <Angry_x0020_fruit_x0020_salad>255, 192, 128</Angry_x0020_fruit_x0020_salad>
  </color>
  <color type="Qios.DevSuite.Components.QColor, Qios.DevSuite.Components" name="PanelBackground2">
    <Angry_x0020_fruit_x0020_salad>Lime</Angry_x0020_fruit_x0020_salad>
  </color>
  <color type="Qios.DevSuite.Components.QColor, Qios.DevSuite.Components" name="ToolBarFormCaption1">
    <Angry_x0020_fruit_x0020_salad>Lime</Angry_x0020_fruit_x0020_salad>
  </color>
  <color type="Qios.DevSuite.Components.QColor, Qios.DevSuite.Components" name="CompositeItemExpandedBackground2">
    <Angry_x0020_fruit_x0020_salad>Blue</Angry_x0020_fruit_x0020_salad>
  </color>
  <color type="Qios.DevSuite.Components.QColor, Qios.DevSuite.Components" name="TabButtonBackground1">
    <Angry_x0020_fruit_x0020_salad>YellowGreen</Angry_x0020_fruit_x0020_salad>
  </color>
  <color type="Qios.DevSuite.Components.QColor, Qios.DevSuite.Components" name="TabButtonBackground2">
    <Angry_x0020_fruit_x0020_salad>Green</Angry_x0020_fruit_x0020_salad>
  </color>
  <color type="Qios.DevSuite.Components.QColor, Qios.DevSuite.Components" name="PanelBorder">
    <Angry_x0020_fruit_x0020_salad>Yellow</Angry_x0020_fruit_x0020_salad>
  </color>
  <color type="Qios.DevSuite.Components.QColor, Qios.DevSuite.Components" name="ExplorerBarPressedGroupItemBackground2">
    <Angry_x0020_fruit_x0020_salad>Blue</Angry_x0020_fruit_x0020_salad>
  </color>
  <color type="Qios.DevSuite.Components.QColor, Qios.DevSuite.Components" name="TabStripBorder">
    <Angry_x0020_fruit_x0020_salad>White</Angry_x0020_fruit_x0020_salad>
  </color>
  <color type="Qios.DevSuite.Components.QColor, Qios.DevSuite.Components" name="ExplorerBarExpandedItemBackground1">
    <Angry_x0020_fruit_x0020_salad>Blue</Angry_x0020_fruit_x0020_salad>
  </color>
  <color type="Qios.DevSuite.Components.QColor, Qios.DevSuite.Components" name="ExplorerBarExpandedItemBackground2">
    <Angry_x0020_fruit_x0020_salad>Cyan</Angry_x0020_fruit_x0020_salad>
  </color>
  <color type="Qios.DevSuite.Components.QColor, Qios.DevSuite.Components" name="ExplorerBarExpandedGroupItemBackground2">
    <Angry_x0020_fruit_x0020_salad>Orange</Angry_x0020_fruit_x0020_salad>
  </color>
  <color type="Qios.DevSuite.Components.QColor, Qios.DevSuite.Components" name="RibbonTabButtonActiveBackground1">
    <Angry_x0020_fruit_x0020_salad>255, 128, 0</Angry_x0020_fruit_x0020_salad>
  </color>
  <color type="Qios.DevSuite.Components.QColor, Qios.DevSuite.Components" name="MenuHotItemBorder">
    <Angry_x0020_fruit_x0020_salad>Black</Angry_x0020_fruit_x0020_salad>
  </color>
  <color type="Qios.DevSuite.Components.QColor, Qios.DevSuite.Components" name="ExplorerBarPressedItemBackground1">
    <Angry_x0020_fruit_x0020_salad>Yellow</Angry_x0020_fruit_x0020_salad>
  </color>
  <color type="Qios.DevSuite.Components.QColor, Qios.DevSuite.Components" name="ExplorerBarPressedItemBackground2">
    <Angry_x0020_fruit_x0020_salad>YellowGreen</Angry_x0020_fruit_x0020_salad>
  </color>
  <color type="Qios.DevSuite.Components.QColor, Qios.DevSuite.Components" name="MenuTextDisabled">
    <Angry_x0020_fruit_x0020_salad>DarkSlateGray</Angry_x0020_fruit_x0020_salad>
  </color>
  <color type="Qios.DevSuite.Components.QColor, Qios.DevSuite.Components" name="TabButtonHotBackground2">
    <Angry_x0020_fruit_x0020_salad>Orange</Angry_x0020_fruit_x0020_salad>
  </color>
  <color type="Qios.DevSuite.Components.QColor, Qios.DevSuite.Components" name="TabButtonHotBackground1">
    <Angry_x0020_fruit_x0020_salad>Red</Angry_x0020_fruit_x0020_salad>
  </color>
  <color type="Qios.DevSuite.Components.QColor, Qios.DevSuite.Components" name="ProgressBarColor2">
    <Angry_x0020_fruit_x0020_salad>Yellow</Angry_x0020_fruit_x0020_salad>
  </color>
  <color type="Qios.DevSuite.Components.QColor, Qios.DevSuite.Components" name="ProgressBarColor1">
    <Angry_x0020_fruit_x0020_salad>Red</Angry_x0020_fruit_x0020_salad>
  </color>
  <color type="Qios.DevSuite.Components.QColor, Qios.DevSuite.Components" name="RibbonFormInactiveBackground2">
    <Angry_x0020_fruit_x0020_salad>Honeydew</Angry_x0020_fruit_x0020_salad>
  </color>
  <color type="Qios.DevSuite.Components.QColor, Qios.DevSuite.Components" name="MainMenuExpandedItemBackground2">
    <Angry_x0020_fruit_x0020_salad>Orange</Angry_x0020_fruit_x0020_salad>
  </color>
  <color type="Qios.DevSuite.Components.QColor, Qios.DevSuite.Components" name="ExplorerBarGroupItemBorder">
    <Angry_x0020_fruit_x0020_salad>Red</Angry_x0020_fruit_x0020_salad>
  </color>
  <color type="Qios.DevSuite.Components.QColor, Qios.DevSuite.Components" name="MainMenuExpandedItemBackground1">
    <Angry_x0020_fruit_x0020_salad>Blue</Angry_x0020_fruit_x0020_salad>
  </color>
  <color type="Qios.DevSuite.Components.QColor, Qios.DevSuite.Components" name="TabButtonBorder">
    <Angry_x0020_fruit_x0020_salad>White</Angry_x0020_fruit_x0020_salad>
  </color>
  <color type="Qios.DevSuite.Components.QColor, Qios.DevSuite.Components" name="TabButtonText">
    <Angry_x0020_fruit_x0020_salad>Cyan</Angry_x0020_fruit_x0020_salad>
  </color>
  <color type="Qios.DevSuite.Components.QColor, Qios.DevSuite.Components" name="ExplorerBarTextExpanded">
    <Angry_x0020_fruit_x0020_salad>Green</Angry_x0020_fruit_x0020_salad>
  </color>
  <color type="Qios.DevSuite.Components.QColor, Qios.DevSuite.Components" name="ToolBarShade">
    <Angry_x0020_fruit_x0020_salad>Yellow</Angry_x0020_fruit_x0020_salad>
  </color>
  <color type="Qios.DevSuite.Components.QColor, Qios.DevSuite.Components" name="DockingWindowBackground2">
    <Angry_x0020_fruit_x0020_salad>ForestGreen</Angry_x0020_fruit_x0020_salad>
  </color>
  <color type="Qios.DevSuite.Components.QColor, Qios.DevSuite.Components" name="DockingWindowBackground1">
    <Angry_x0020_fruit_x0020_salad>Lime</Angry_x0020_fruit_x0020_salad>
  </color>
  <color type="Qios.DevSuite.Components.QColor, Qios.DevSuite.Components" name="ExplorerBarHotItemBackground1">
    <Angry_x0020_fruit_x0020_salad>Red</Angry_x0020_fruit_x0020_salad>
  </color>
  <color type="Qios.DevSuite.Components.QColor, Qios.DevSuite.Components" name="ExplorerBarHotItemBackground2">
    <Angry_x0020_fruit_x0020_salad>Orange</Angry_x0020_fruit_x0020_salad>
  </color>
  <color type="Qios.DevSuite.Components.QColor, Qios.DevSuite.Components" name="TabControlBackground1">
    <Angry_x0020_fruit_x0020_salad>Purple</Angry_x0020_fruit_x0020_salad>
  </color>
  <color type="Qios.DevSuite.Components.QColor, Qios.DevSuite.Components" name="TabControlBackground2">
    <Angry_x0020_fruit_x0020_salad>Pink</Angry_x0020_fruit_x0020_salad>
  </color>
  <color type="Qios.DevSuite.Components.QColor, Qios.DevSuite.Components" name="MainMenuBorder">
    <Angry_x0020_fruit_x0020_salad>Aqua</Angry_x0020_fruit_x0020_salad>
  </color>
  <color type="Qios.DevSuite.Components.QColor, Qios.DevSuite.Components" name="DockBarBackground1">
    <Angry_x0020_fruit_x0020_salad>DarkBlue</Angry_x0020_fruit_x0020_salad>
  </color>
  <color type="Qios.DevSuite.Components.QColor, Qios.DevSuite.Components" name="ProgressBarBackground1">
    <Angry_x0020_fruit_x0020_salad>Aqua</Angry_x0020_fruit_x0020_salad>
  </color>
  <color type="Qios.DevSuite.Components.QColor, Qios.DevSuite.Components" name="ProgressBarBackground2">
    <Angry_x0020_fruit_x0020_salad>Blue</Angry_x0020_fruit_x0020_salad>
  </color>
  <color type="Qios.DevSuite.Components.QColor, Qios.DevSuite.Components" name="ExplorerBarCheckedItemBackground1">
    <Angry_x0020_fruit_x0020_salad>Blue</Angry_x0020_fruit_x0020_salad>
  </color>
  <color type="Qios.DevSuite.Components.QColor, Qios.DevSuite.Components" name="ExplorerBarCheckedItemBackground2">
    <Angry_x0020_fruit_x0020_salad>Cyan</Angry_x0020_fruit_x0020_salad>
  </color>
  <color type="Qios.DevSuite.Components.QColor, Qios.DevSuite.Components" name="ExplorerBarGroupItemBackground1">
    <Angry_x0020_fruit_x0020_salad>Green</Angry_x0020_fruit_x0020_salad>
  </color>
  <color type="Qios.DevSuite.Components.QColor, Qios.DevSuite.Components" name="ExplorerBarGroupItemBackground2">
    <Angry_x0020_fruit_x0020_salad>Lime</Angry_x0020_fruit_x0020_salad>
  </color>
  <color type="Qios.DevSuite.Components.QColor, Qios.DevSuite.Components" name="MainMenuShade">
    <Angry_x0020_fruit_x0020_salad>Yellow</Angry_x0020_fruit_x0020_salad>
  </color>
  <color type="Qios.DevSuite.Components.QColor, Qios.DevSuite.Components" name="ExplorerBarText">
    <Angry_x0020_fruit_x0020_salad>Black</Angry_x0020_fruit_x0020_salad>
  </color>
  <color type="Qios.DevSuite.Components.QColor, Qios.DevSuite.Components" name="MenuHotItemBackground1">
    <Angry_x0020_fruit_x0020_salad>DeepSkyBlue</Angry_x0020_fruit_x0020_salad>
  </color>
  <color type="Qios.DevSuite.Components.QColor, Qios.DevSuite.Components" name="ToolBarHostBackground1">
    <Angry_x0020_fruit_x0020_salad>Yellow</Angry_x0020_fruit_x0020_salad>
  </color>
  <color type="Qios.DevSuite.Components.QColor, Qios.DevSuite.Components" name="MenuHotItemBackground2">
    <Angry_x0020_fruit_x0020_salad>SlateGray</Angry_x0020_fruit_x0020_salad>
  </color>
  <color type="Qios.DevSuite.Components.QColor, Qios.DevSuite.Components" name="RibbonLaunchBarBorder">
    <Angry_x0020_fruit_x0020_salad>ActiveCaption</Angry_x0020_fruit_x0020_salad>
  </color>
  <color type="Qios.DevSuite.Components.QColor, Qios.DevSuite.Components" name="MenuDepersonalizeImageForeground">
    <Angry_x0020_fruit_x0020_salad>Magenta</Angry_x0020_fruit_x0020_salad>
  </color>
  <color type="Qios.DevSuite.Components.QColor, Qios.DevSuite.Components" name="RibbonFormInactiveBackground1">
    <Angry_x0020_fruit_x0020_salad>Honeydew</Angry_x0020_fruit_x0020_salad>
  </color>
  <color type="Qios.DevSuite.Components.QColor, Qios.DevSuite.Components" name="ExplorerBarPressedGroupItemBackground1">
    <Angry_x0020_fruit_x0020_salad>Cyan</Angry_x0020_fruit_x0020_salad>
  </color>
  <color type="Qios.DevSuite.Components.QColor, Qios.DevSuite.Components" name="RibbonCaptionBackground2">
    <Angry_x0020_fruit_x0020_salad>Red</Angry_x0020_fruit_x0020_salad>
  </color>
  <color type="Qios.DevSuite.Components.QColor, Qios.DevSuite.Components" name="TextColor">
    <Angry_x0020_fruit_x0020_salad>DarkRed</Angry_x0020_fruit_x0020_salad>
  </color>
  <color type="Qios.DevSuite.Components.QColor, Qios.DevSuite.Components" name="RibbonLaunchBarBackground2">
    <Angry_x0020_fruit_x0020_salad>LightGreen</Angry_x0020_fruit_x0020_salad>
  </color>
  <color type="Qios.DevSuite.Components.QColor, Qios.DevSuite.Components" name="MainMenuSeparator">
    <Angry_x0020_fruit_x0020_salad>Aqua</Angry_x0020_fruit_x0020_salad>
  </color>
  <color type="Qios.DevSuite.Components.QColor, Qios.DevSuite.Components" name="ExplorerBarHotGroupItemBackground1">
    <Angry_x0020_fruit_x0020_salad>Yellow</Angry_x0020_fruit_x0020_salad>
  </color>
  <color type="Qios.DevSuite.Components.QColor, Qios.DevSuite.Components" name="ToolBarFormBorder">
    <Angry_x0020_fruit_x0020_salad>Blue</Angry_x0020_fruit_x0020_salad>
  </color>
  <color type="Qios.DevSuite.Components.QColor, Qios.DevSuite.Components" name="ExplorerBarExpandedItemBorder">
    <Angry_x0020_fruit_x0020_salad>Red</Angry_x0020_fruit_x0020_salad>
  </color>
  <color type="Qios.DevSuite.Components.QColor, Qios.DevSuite.Components" name="CompositeBackground1">
    <Angry_x0020_fruit_x0020_salad>255, 192, 192</Angry_x0020_fruit_x0020_salad>
  </color>
  <color type="Qios.DevSuite.Components.QColor, Qios.DevSuite.Components" name="CompositeBackground2">
    <Angry_x0020_fruit_x0020_salad>Lime</Angry_x0020_fruit_x0020_salad>
  </color>
  <color type="Qios.DevSuite.Components.QColor, Qios.DevSuite.Components" name="TabButtonActiveText">
    <Angry_x0020_fruit_x0020_salad>Lime</Angry_x0020_fruit_x0020_salad>
  </color>
  <color type="Qios.DevSuite.Components.QColor, Qios.DevSuite.Components" name="CompositeBorder">
    <Angry_x0020_fruit_x0020_salad>128, 255, 255</Angry_x0020_fruit_x0020_salad>
  </color>
  <color type="Qios.DevSuite.Components.QColor, Qios.DevSuite.Components" name="MainMenuBackground1">
    <Angry_x0020_fruit_x0020_salad>Lime</Angry_x0020_fruit_x0020_salad>
  </color>
  <color type="Qios.DevSuite.Components.QColor, Qios.DevSuite.Components" name="MainMenuBackground2">
    <Angry_x0020_fruit_x0020_salad>Red</Angry_x0020_fruit_x0020_salad>
  </color>
  <color type="Qios.DevSuite.Components.QColor, Qios.DevSuite.Components" name="ExplorerBarSeparator">
    <Angry_x0020_fruit_x0020_salad>MistyRose</Angry_x0020_fruit_x0020_salad>
  </color>
  <color type="Qios.DevSuite.Components.QColor, Qios.DevSuite.Components" name="TabPageBorder">
    <Angry_x0020_fruit_x0020_salad>White</Angry_x0020_fruit_x0020_salad>
  </color>
  <color type="Qios.DevSuite.Components.QColor, Qios.DevSuite.Components" name="MenuIconBackgroundDepersonalized2">
    <Angry_x0020_fruit_x0020_salad>Magenta</Angry_x0020_fruit_x0020_salad>
  </color>
  <color type="Qios.DevSuite.Components.QColor, Qios.DevSuite.Components" name="MenuIconBackgroundDepersonalized1">
    <Angry_x0020_fruit_x0020_salad>DarkViolet</Angry_x0020_fruit_x0020_salad>
  </color>
  <color type="Qios.DevSuite.Components.QColor, Qios.DevSuite.Components" name="ExplorerBarDepersonalizeImageBackground">
    <Angry_x0020_fruit_x0020_salad>Red</Angry_x0020_fruit_x0020_salad>
  </color>
  <color type="Qios.DevSuite.Components.QColor, Qios.DevSuite.Components" name="RibbonLaunchBarHostBackground1">
    <Angry_x0020_fruit_x0020_salad>Red</Angry_x0020_fruit_x0020_salad>
  </color>
  <color type="Qios.DevSuite.Components.QColor, Qios.DevSuite.Components" name="ToolBarSizingGrip">
    <Angry_x0020_fruit_x0020_salad>Yellow</Angry_x0020_fruit_x0020_salad>
  </color>
  <color type="Qios.DevSuite.Components.QColor, Qios.DevSuite.Components" name="PanelBackground1">
    <Angry_x0020_fruit_x0020_salad>Red</Angry_x0020_fruit_x0020_salad>
  </color>
  <color type="Qios.DevSuite.Components.QColor, Qios.DevSuite.Components" name="TabStripBackground2">
    <Angry_x0020_fruit_x0020_salad>Lime</Angry_x0020_fruit_x0020_salad>
  </color>
  <color type="Qios.DevSuite.Components.QColor, Qios.DevSuite.Components" name="TabStripBackground1">
    <Angry_x0020_fruit_x0020_salad>Yellow</Angry_x0020_fruit_x0020_salad>
  </color>
  <color type="Qios.DevSuite.Components.QColor, Qios.DevSuite.Components" name="ToolBarShadeLine">
    <Angry_x0020_fruit_x0020_salad>Black</Angry_x0020_fruit_x0020_salad>
  </color>
  <color type="Qios.DevSuite.Components.QColor, Qios.DevSuite.Components" name="ExplorerBarDepersonalizeImageForeground">
    <Angry_x0020_fruit_x0020_salad>Orange</Angry_x0020_fruit_x0020_salad>
  </color>
  <color type="Qios.DevSuite.Components.QColor, Qios.DevSuite.Components" name="MenuCheckedItemBackground1">
    <Angry_x0020_fruit_x0020_salad>Red</Angry_x0020_fruit_x0020_salad>
  </color>
  <color type="Qios.DevSuite.Components.QColor, Qios.DevSuite.Components" name="MenuCheckedItemBackground2">
    <Angry_x0020_fruit_x0020_salad>Yellow</Angry_x0020_fruit_x0020_salad>
  </color>
  <color type="Qios.DevSuite.Components.QColor, Qios.DevSuite.Components" name="ExplorerBarTextHot">
    <Angry_x0020_fruit_x0020_salad>Purple</Angry_x0020_fruit_x0020_salad>
  </color>
  <color type="Qios.DevSuite.Components.QColor, Qios.DevSuite.Components" name="CompositeButtonBackground2">
    <Angry_x0020_fruit_x0020_salad>Red</Angry_x0020_fruit_x0020_salad>
  </color>
  <color type="Qios.DevSuite.Components.QColor, Qios.DevSuite.Components" name="ExplorerBarGroupPanelBackground2">
    <Angry_x0020_fruit_x0020_salad>DarkRed</Angry_x0020_fruit_x0020_salad>
  </color>
  <color type="Qios.DevSuite.Components.QColor, Qios.DevSuite.Components" name="ExplorerBarGroupPanelBackground1">
    <Angry_x0020_fruit_x0020_salad>SaddleBrown</Angry_x0020_fruit_x0020_salad>
  </color>
  <color type="Qios.DevSuite.Components.QColor, Qios.DevSuite.Components" name="RibbonApplicationButtonBackground1">
    <Angry_x0020_fruit_x0020_salad>SlateBlue</Angry_x0020_fruit_x0020_salad>
  </color>
  <color type="Qios.DevSuite.Components.QColor, Qios.DevSuite.Components" name="MainMenuShadeLine">
    <Angry_x0020_fruit_x0020_salad>Black</Angry_x0020_fruit_x0020_salad>
  </color>
  <color type="Qios.DevSuite.Components.QColor, Qios.DevSuite.Components" name="StatusBarBorder">
    <Angry_x0020_fruit_x0020_salad>Aqua</Angry_x0020_fruit_x0020_salad>
  </color>
  <color type="Qios.DevSuite.Components.QColor, Qios.DevSuite.Components" name="ExplorerBarBackground1">
    <Angry_x0020_fruit_x0020_salad>Pink</Angry_x0020_fruit_x0020_salad>
  </color>
  <color type="Qios.DevSuite.Components.QColor, Qios.DevSuite.Components" name="MenuTextActive">
    <Angry_x0020_fruit_x0020_salad>White</Angry_x0020_fruit_x0020_salad>
  </color>
  <color type="Qios.DevSuite.Components.QColor, Qios.DevSuite.Components" name="ExplorerBarGroupPanelBorder">
    <Angry_x0020_fruit_x0020_salad>Red</Angry_x0020_fruit_x0020_salad>
  </color>
  <color type="Qios.DevSuite.Components.QColor, Qios.DevSuite.Components" name="RibbonApplicationButtonBackground2">
    <Angry_x0020_fruit_x0020_salad>LightSalmon</Angry_x0020_fruit_x0020_salad>
  </color>
  <color type="Qios.DevSuite.Components.QColor, Qios.DevSuite.Components" name="MenuBorder">
    <Angry_x0020_fruit_x0020_salad>DarkGoldenrod</Angry_x0020_fruit_x0020_salad>
  </color>
  <color type="Qios.DevSuite.Components.QColor, Qios.DevSuite.Components" name="TabButtonHotBorder">
    <Angry_x0020_fruit_x0020_salad>White</Angry_x0020_fruit_x0020_salad>
  </color>
  <color type="Qios.DevSuite.Components.QColor, Qios.DevSuite.Components" name="CompositeItemExpandedBackground1">
    <Angry_x0020_fruit_x0020_salad>192, 255, 192</Angry_x0020_fruit_x0020_salad>
  </color>
  <color type="Qios.DevSuite.Components.QColor, Qios.DevSuite.Components" name="DockBarBorder">
    <Angry_x0020_fruit_x0020_salad>Yellow</Angry_x0020_fruit_x0020_salad>
  </color>
  <color type="Qios.DevSuite.Components.QColor, Qios.DevSuite.Components" name="MenuSeparator">
    <Angry_x0020_fruit_x0020_salad>Aqua</Angry_x0020_fruit_x0020_salad>
  </color>
  <color type="Qios.DevSuite.Components.QColor, Qios.DevSuite.Components" name="TabControlBorder">
    <Angry_x0020_fruit_x0020_salad>White</Angry_x0020_fruit_x0020_salad>
  </color>
  <color type="Qios.DevSuite.Components.QColor, Qios.DevSuite.Components" name="TabStripNavigationAreaBackground2">
    <Angry_x0020_fruit_x0020_salad>Cyan</Angry_x0020_fruit_x0020_salad>
  </color>
  <color type="Qios.DevSuite.Components.QColor, Qios.DevSuite.Components" name="RibbonBackground2">
    <Angry_x0020_fruit_x0020_salad>LawnGreen</Angry_x0020_fruit_x0020_salad>
  </color>
  <color type="Qios.DevSuite.Components.QColor, Qios.DevSuite.Components" name="TabStripNavigationAreaBackground1">
    <Angry_x0020_fruit_x0020_salad>Blue</Angry_x0020_fruit_x0020_salad>
  </color>
  <color type="Qios.DevSuite.Components.QColor, Qios.DevSuite.Components" name="RibbonBackground1">
    <Angry_x0020_fruit_x0020_salad>LightCoral</Angry_x0020_fruit_x0020_salad>
  </color>
  <color type="Qios.DevSuite.Components.QColor, Qios.DevSuite.Components" name="StatusBarSizingGripLight">
    <Angry_x0020_fruit_x0020_salad>Magenta</Angry_x0020_fruit_x0020_salad>
  </color>
  <color type="Qios.DevSuite.Components.QColor, Qios.DevSuite.Components" name="RibbonLaunchBarInactiveBackground2">
    <Angry_x0020_fruit_x0020_salad>Chartreuse</Angry_x0020_fruit_x0020_salad>
  </color>
  <color type="Qios.DevSuite.Components.QColor, Qios.DevSuite.Components" name="ExplorerBarCheckedGroupItemBorder">
    <Angry_x0020_fruit_x0020_salad>White</Angry_x0020_fruit_x0020_salad>
  </color>
  <color type="Qios.DevSuite.Components.QColor, Qios.DevSuite.Components" name="ExplorerBarHasMoreChildItemsColor">
    <Angry_x0020_fruit_x0020_salad>Purple</Angry_x0020_fruit_x0020_salad>
  </color>
  <color type="Qios.DevSuite.Components.QColor, Qios.DevSuite.Components" name="MainMenuHotItemBackground2">
    <Angry_x0020_fruit_x0020_salad>Aqua</Angry_x0020_fruit_x0020_salad>
  </color>
  <color type="Qios.DevSuite.Components.QColor, Qios.DevSuite.Components" name="TabButtonHotText">
    <Angry_x0020_fruit_x0020_salad>Blue</Angry_x0020_fruit_x0020_salad>
  </color>
  <color type="Qios.DevSuite.Components.QColor, Qios.DevSuite.Components" name="DockBarButtonBackground1">
    <Angry_x0020_fruit_x0020_salad>Purple</Angry_x0020_fruit_x0020_salad>
  </color>
  <color type="Qios.DevSuite.Components.QColor, Qios.DevSuite.Components" name="DockBarButtonBackground2">
    <Angry_x0020_fruit_x0020_salad>Pink</Angry_x0020_fruit_x0020_salad>
  </color>
  <color type="Qios.DevSuite.Components.QColor, Qios.DevSuite.Components" name="RibbonLaunchBarHostBackground2">
    <Angry_x0020_fruit_x0020_salad>255, 192, 192</Angry_x0020_fruit_x0020_salad>
  </color>
  <color type="Qios.DevSuite.Components.QColor, Qios.DevSuite.Components" name="TabPageBackground1">
    <Angry_x0020_fruit_x0020_salad>Orange</Angry_x0020_fruit_x0020_salad>
  </color>
  <color type="Qios.DevSuite.Components.QColor, Qios.DevSuite.Components" name="TabPageBackground2">
    <Angry_x0020_fruit_x0020_salad>Red</Angry_x0020_fruit_x0020_salad>
  </color>
  <color type="Qios.DevSuite.Components.QColor, Qios.DevSuite.Components" name="MenuShade">
    <Angry_x0020_fruit_x0020_salad>Red</Angry_x0020_fruit_x0020_salad>
  </color>
  <color type="Qios.DevSuite.Components.QColor, Qios.DevSuite.Components" name="ExplorerBarExpandedGroupItemBackground1">
    <Angry_x0020_fruit_x0020_salad>Red</Angry_x0020_fruit_x0020_salad>
  </color>
  <color type="Qios.DevSuite.Components.QColor, Qios.DevSuite.Components" name="InputBoxOuterBackground2">
    <Angry_x0020_fruit_x0020_salad>Yellow</Angry_x0020_fruit_x0020_salad>
  </color>
  <color type="Qios.DevSuite.Components.QColor, Qios.DevSuite.Components" name="CompositeGroupBackground1">
    <Angry_x0020_fruit_x0020_salad>128, 128, 255</Angry_x0020_fruit_x0020_salad>
  </color>
  <color type="Qios.DevSuite.Components.QColor, Qios.DevSuite.Components" name="InputBoxOuterBackground1">
    <Angry_x0020_fruit_x0020_salad>Yellow</Angry_x0020_fruit_x0020_salad>
  </color>
  <color type="Qios.DevSuite.Components.QColor, Qios.DevSuite.Components" name="ExplorerBarGroupItemShade">
    <Angry_x0020_fruit_x0020_salad>Cyan</Angry_x0020_fruit_x0020_salad>
  </color>
  <color type="Qios.DevSuite.Components.QColor, Qios.DevSuite.Components" name="StatusBarSizingGripDark">
    <Angry_x0020_fruit_x0020_salad>Yellow</Angry_x0020_fruit_x0020_salad>
  </color>
  <color type="Qios.DevSuite.Components.QColor, Qios.DevSuite.Components" name="TabButtonActiveBackground1">
    <Angry_x0020_fruit_x0020_salad>Red</Angry_x0020_fruit_x0020_salad>
  </color>
  <color type="Qios.DevSuite.Components.QColor, Qios.DevSuite.Components" name="TabButtonActiveBackground2">
    <Angry_x0020_fruit_x0020_salad>Orange</Angry_x0020_fruit_x0020_salad>
  </color>
  <color type="Qios.DevSuite.Components.QColor, Qios.DevSuite.Components" name="DockContainerBackground1">
    <Angry_x0020_fruit_x0020_salad>SaddleBrown</Angry_x0020_fruit_x0020_salad>
  </color>
  <color type="Qios.DevSuite.Components.QColor, Qios.DevSuite.Components" name="RibbonLaunchBarBackground1">
    <Angry_x0020_fruit_x0020_salad>Green</Angry_x0020_fruit_x0020_salad>
  </color>
  <color type="Qios.DevSuite.Components.QColor, Qios.DevSuite.Components" name="MenuText">
    <Angry_x0020_fruit_x0020_salad>Black</Angry_x0020_fruit_x0020_salad>
  </color>
  <color type="Qios.DevSuite.Components.QColor, Qios.DevSuite.Components" name="ToolBarBevel2">
    <Angry_x0020_fruit_x0020_salad>Purple</Angry_x0020_fruit_x0020_salad>
  </color>
  <color type="Qios.DevSuite.Components.QColor, Qios.DevSuite.Components" name="ToolBarBevel1">
    <Angry_x0020_fruit_x0020_salad>Blue</Angry_x0020_fruit_x0020_salad>
  </color>
  <color type="Qios.DevSuite.Components.QColor, Qios.DevSuite.Components" name="ToolBarMoreItemsArea1">
    <Angry_x0020_fruit_x0020_salad>Aqua</Angry_x0020_fruit_x0020_salad>
  </color>
  <color type="Qios.DevSuite.Components.QColor, Qios.DevSuite.Components" name="DockingWindowTabButtonText">
    <Angry_x0020_fruit_x0020_salad>Red</Angry_x0020_fruit_x0020_salad>
  </color>
  <color type="Qios.DevSuite.Components.QColor, Qios.DevSuite.Components" name="CompositeItemHotBackground2">
    <Angry_x0020_fruit_x0020_salad>Aqua</Angry_x0020_fruit_x0020_salad>
  </color>
  <color type="Qios.DevSuite.Components.QColor, Qios.DevSuite.Components" name="CompositeItemHotBackground1">
    <Angry_x0020_fruit_x0020_salad>192, 192, 255</Angry_x0020_fruit_x0020_salad>
  </color>
  <color type="Qios.DevSuite.Components.QColor, Qios.DevSuite.Components" name="CompositeItemPressedBackground2">
    <Angry_x0020_fruit_x0020_salad>0, 192, 192</Angry_x0020_fruit_x0020_salad>
  </color>
  <color type="Qios.DevSuite.Components.QColor, Qios.DevSuite.Components" name="CompositeItemPressedBackground1">
    <Angry_x0020_fruit_x0020_salad>GreenYellow</Angry_x0020_fruit_x0020_salad>
  </color>
  <color type="Qios.DevSuite.Components.QColor, Qios.DevSuite.Components" name="RibbonPanelHotCaptionArea1">
    <Angry_x0020_fruit_x0020_salad>Yellow</Angry_x0020_fruit_x0020_salad>
  </color>
  <color type="Qios.DevSuite.Components.QColor, Qios.DevSuite.Components" name="DockingWindowTabButtonTextNotActive">
    <Angry_x0020_fruit_x0020_salad>DarkRed</Angry_x0020_fruit_x0020_salad>
  </color>
  <color type="Qios.DevSuite.Components.QColor, Qios.DevSuite.Components" name="TabButtonTextDisabled">
    <Angry_x0020_fruit_x0020_salad>Black</Angry_x0020_fruit_x0020_salad>
  </color>
  <color type="Qios.DevSuite.Components.QColor, Qios.DevSuite.Components" name="MainMenuMoreItemsArea1">
    <Angry_x0020_fruit_x0020_salad>Aqua</Angry_x0020_fruit_x0020_salad>
  </color>
  <color type="Qios.DevSuite.Components.QColor, Qios.DevSuite.Components" name="RibbonFormBackground1">
    <Angry_x0020_fruit_x0020_salad>LawnGreen</Angry_x0020_fruit_x0020_salad>
  </color>
  <color type="Qios.DevSuite.Components.QColor, Qios.DevSuite.Components" name="RibbonFormBackground2">
    <Angry_x0020_fruit_x0020_salad>LawnGreen</Angry_x0020_fruit_x0020_salad>
  </color>
  <color type="Qios.DevSuite.Components.QColor, Qios.DevSuite.Components" name="ExplorerBarTextPressed">
    <Angry_x0020_fruit_x0020_salad>Pink</Angry_x0020_fruit_x0020_salad>
  </color>
  <color type="Qios.DevSuite.Components.QColor, Qios.DevSuite.Components" name="ExplorerBarExpandedGroupItemBorder">
    <Angry_x0020_fruit_x0020_salad>Blue</Angry_x0020_fruit_x0020_salad>
  </color>
  <color type="Qios.DevSuite.Components.QColor, Qios.DevSuite.Components" name="InputBoxBackground">
    <Angry_x0020_fruit_x0020_salad>Yellow</Angry_x0020_fruit_x0020_salad>
  </color>
  <color type="Qios.DevSuite.Components.QColor, Qios.DevSuite.Components" name="MainMenuHotItemBorder">
    <Angry_x0020_fruit_x0020_salad>Red</Angry_x0020_fruit_x0020_salad>
  </color>
  <color type="Qios.DevSuite.Components.QColor, Qios.DevSuite.Components" name="RibbonPanelHotBackground2">
    <Angry_x0020_fruit_x0020_salad>255, 128, 128</Angry_x0020_fruit_x0020_salad>
  </color>
  <color type="Qios.DevSuite.Components.QColor, Qios.DevSuite.Components" name="ProgressBarBorder">
    <Angry_x0020_fruit_x0020_salad>White</Angry_x0020_fruit_x0020_salad>
  </color>
  <color type="Qios.DevSuite.Components.QColor, Qios.DevSuite.Components" name="ExplorerBarTextDisabled">
    <Angry_x0020_fruit_x0020_salad>Gray</Angry_x0020_fruit_x0020_salad>
  </color>
  <color type="Qios.DevSuite.Components.QColor, Qios.DevSuite.Components" name="MainMenuBevel2">
    <Angry_x0020_fruit_x0020_salad>Pink</Angry_x0020_fruit_x0020_salad>
  </color>
  <color type="Qios.DevSuite.Components.QColor, Qios.DevSuite.Components" name="MainMenuBevel1">
    <Angry_x0020_fruit_x0020_salad>Teal</Angry_x0020_fruit_x0020_salad>
  </color>
  <color type="Qios.DevSuite.Components.QColor, Qios.DevSuite.Components" name="StatusBarBackground1">
    <Angry_x0020_fruit_x0020_salad>Red</Angry_x0020_fruit_x0020_salad>
  </color>
  <color type="Qios.DevSuite.Components.QColor, Qios.DevSuite.Components" name="StatusBarBackground2">
    <Angry_x0020_fruit_x0020_salad>Lime</Angry_x0020_fruit_x0020_salad>
  </color>
  <color type="Qios.DevSuite.Components.QColor, Qios.DevSuite.Components" name="RibbonPanelHotBackground1">
    <Angry_x0020_fruit_x0020_salad>DarkTurquoise</Angry_x0020_fruit_x0020_salad>
  </color>
  <color type="Qios.DevSuite.Components.QColor, Qios.DevSuite.Components" name="MenuDepersonalizeImageBackground">
    <Angry_x0020_fruit_x0020_salad>Sienna</Angry_x0020_fruit_x0020_salad>
  </color>
  <color type="Qios.DevSuite.Components.QColor, Qios.DevSuite.Components" name="MainMenuHotItemBackground1">
    <Angry_x0020_fruit_x0020_salad>Orange</Angry_x0020_fruit_x0020_salad>
  </color>
  <color type="Qios.DevSuite.Components.QColor, Qios.DevSuite.Components" name="MenuIconBackground1">
    <Angry_x0020_fruit_x0020_salad>DarkGoldenrod</Angry_x0020_fruit_x0020_salad>
  </color>
  <color type="Qios.DevSuite.Components.QColor, Qios.DevSuite.Components" name="MenuIconBackground2">
    <Angry_x0020_fruit_x0020_salad>DarkOliveGreen</Angry_x0020_fruit_x0020_salad>
  </color>
  <color type="Qios.DevSuite.Components.QColor, Qios.DevSuite.Components" name="RibbonPanelBackground1">
    <Angry_x0020_fruit_x0020_salad>PaleGreen</Angry_x0020_fruit_x0020_salad>
  </color>
  <color type="Qios.DevSuite.Components.QColor, Qios.DevSuite.Components" name="RibbonPanelBackground2">
    <Angry_x0020_fruit_x0020_salad>DodgerBlue</Angry_x0020_fruit_x0020_salad>
  </color>
  <color type="Qios.DevSuite.Components.QColor, Qios.DevSuite.Components" name="RibbonCaptionInactiveBackground2">
    <Angry_x0020_fruit_x0020_salad>Red</Angry_x0020_fruit_x0020_salad>
  </color>
  <color type="Qios.DevSuite.Components.QColor, Qios.DevSuite.Components" name="RibbonCaptionInactiveBackground1">
    <Angry_x0020_fruit_x0020_salad>MistyRose</Angry_x0020_fruit_x0020_salad>
  </color>
  <color type="Qios.DevSuite.Components.QColor, Qios.DevSuite.Components" name="TabButtonActiveBorder">
    <Angry_x0020_fruit_x0020_salad>White</Angry_x0020_fruit_x0020_salad>
  </color>
  <color type="Qios.DevSuite.Components.QColor, Qios.DevSuite.Components" name="MainMenuSizingGrip">
    <Angry_x0020_fruit_x0020_salad>Yellow</Angry_x0020_fruit_x0020_salad>
  </color>
  <color type="Qios.DevSuite.Components.QColor, Qios.DevSuite.Components" name="TabStripNavigationAreaBorder">
    <Angry_x0020_fruit_x0020_salad>White</Angry_x0020_fruit_x0020_salad>
  </color>
  <color type="Qios.DevSuite.Components.QColor, Qios.DevSuite.Components" name="ExplorerBarCheckedGroupItemBackground1">
    <Angry_x0020_fruit_x0020_salad>Red</Angry_x0020_fruit_x0020_salad>
  </color>
  <color type="Qios.DevSuite.Components.QColor, Qios.DevSuite.Components" name="RibbonPanelCaptionArea2">
    <Angry_x0020_fruit_x0020_salad>Yellow</Angry_x0020_fruit_x0020_salad>
  </color>
  <color type="Qios.DevSuite.Components.QColor, Qios.DevSuite.Components" name="RibbonPanelCaptionArea1">
    <Angry_x0020_fruit_x0020_salad>Lime</Angry_x0020_fruit_x0020_salad>
  </color>
  <color type="Qios.DevSuite.Components.QColor, Qios.DevSuite.Components" name="DockingWindowTabButtonBorder">
    <Angry_x0020_fruit_x0020_salad>Red</Angry_x0020_fruit_x0020_salad>
  </color>
  <color type="Qios.DevSuite.Components.QColor, Qios.DevSuite.Components" name="ExplorerBarBorder">
    <Angry_x0020_fruit_x0020_salad>White</Angry_x0020_fruit_x0020_salad>
  </color>
  <color type="Qios.DevSuite.Components.QColor, Qios.DevSuite.Components" name="ExplorerBarCheckedGroupItemBackground2">
    <Angry_x0020_fruit_x0020_salad>Orange</Angry_x0020_fruit_x0020_salad>
  </color>
  <color type="Qios.DevSuite.Components.QColor, Qios.DevSuite.Components" name="ExplorerBarHotItemBorder">
    <Angry_x0020_fruit_x0020_salad>White</Angry_x0020_fruit_x0020_salad>
  </color>
  <color type="Qios.DevSuite.Components.QColor, Qios.DevSuite.Components" name="RibbonPageBackground1">
    <Angry_x0020_fruit_x0020_salad>LawnGreen</Angry_x0020_fruit_x0020_salad>
  </color>
  <color type="Qios.DevSuite.Components.QColor, Qios.DevSuite.Components" name="RibbonPageBackground2">
    <Angry_x0020_fruit_x0020_salad>Red</Angry_x0020_fruit_x0020_salad>
  </color>
  <color type="Qios.DevSuite.Components.QColor, Qios.DevSuite.Components" name="DockContainerBackground2">
    <Angry_x0020_fruit_x0020_salad>Red</Angry_x0020_fruit_x0020_salad>
  </color>
  <color type="Qios.DevSuite.Components.QColor, Qios.DevSuite.Components" name="ExplorerBarHotGroupItemBorder">
    <Angry_x0020_fruit_x0020_salad>Purple</Angry_x0020_fruit_x0020_salad>
  </color>
  <color type="Qios.DevSuite.Components.QColor, Qios.DevSuite.Components" name="ExplorerBarBackground2">
    <Angry_x0020_fruit_x0020_salad>Purple</Angry_x0020_fruit_x0020_salad>
  </color>
  <color type="Qios.DevSuite.Components.QColor, Qios.DevSuite.Components" name="RibbonCaptionBackground1">
    <Angry_x0020_fruit_x0020_salad>Coral</Angry_x0020_fruit_x0020_salad>
  </color>
  <color type="Qios.DevSuite.Components.QColor, Qios.DevSuite.Components" name="DisabledTextColor">
    <Angry_x0020_fruit_x0020_salad>DarkSlateGray</Angry_x0020_fruit_x0020_salad>
  </color>
  <color type="Qios.DevSuite.Components.QColor, Qios.DevSuite.Components" name="ExplorerBarPressedGroupItemBorder">
    <Angry_x0020_fruit_x0020_salad>Purple</Angry_x0020_fruit_x0020_salad>
  </color>
</colorScheme>