﻿<?xml version="1.0" encoding="utf-8" ?>
<DsMyFriends xmlns="http://tempuri.org/DsMyFriends.xsd">
	<Friend>
		<FriendID>1</FriendID>
		<Name>Eric</Name>
		<Popularity>1</Popularity>
		<ImageResource>Qios.DevSuite.DemoZone.Images.EricCartman40.png, Qios.DevSuite.DemoZone</ImageResource>
	</Friend>
	<Friend>
		<FriendID>2</FriendID>
		<Name>Kyle</Name>
		<Popularity>2</Popularity>
		<ImageResource>Qios.DevSuite.DemoZone.Images.Kyle40.png, Qios.DevSuite.DemoZone</ImageResource>
	</Friend>
	<Friend>
		<FriendID>3</FriendID>
		<Name>Kenny</Name>
		<Popularity>3</Popularity>
		<ImageResource>Qios.DevSuite.DemoZone.Images.Kenny40.png, Qios.DevSuite.DemoZone</ImageResource>
	</Friend>
	<Friend>
		<FriendID>4</FriendID>
		<Name>Stan</Name>
		<Popularity>4</Popularity>
		<ImageResource>Qios.DevSuite.DemoZone.Images.Stan40.png, Qios.DevSuite.DemoZone</ImageResource>
	</Friend>
	<Friend>
		<FriendID>5</FriendID>
		<Name>Butters</Name>
		<Popularity>6</Popularity>
		<ImageResource>Qios.DevSuite.DemoZone.Images.Butters40.png, Qios.DevSuite.DemoZone</ImageResource>
	</Friend>
	<Friend>
		<FriendID>6</FriendID>
		<Name>Timmy</Name>
		<Popularity>7</Popularity>
		<ImageResource>Qios.DevSuite.DemoZone.Images.Timmy40.png, Qios.DevSuite.DemoZone</ImageResource>
	</Friend>
	<Friend>
		<FriendID>7</FriendID>
		<Name>Tweek</Name>
		<Popularity>101</Popularity>
		<ImageResource>Qios.DevSuite.DemoZone.Images.Tweek40.png, Qios.DevSuite.DemoZone</ImageResource>
	</Friend>
	<Friend>
		<FriendID>8</FriendID>
		<Name>Jimmy</Name>
		<Popularity>102</Popularity>
		<ImageResource>Qios.DevSuite.DemoZone.Images.Jimmy40.png, Qios.DevSuite.DemoZone</ImageResource>
	</Friend>
	<Friend>
		<FriendID>9</FriendID>
		<Name>Ike</Name>
		<Popularity>103</Popularity>
		<ImageResource>Qios.DevSuite.DemoZone.Images.Ike40.png, Qios.DevSuite.DemoZone</ImageResource>
	</Friend>
	<Friend>
		<FriendID>10</FriendID>
		<Name>Bebe</Name>
		<Popularity>104</Popularity>
		<ImageResource>Qios.DevSuite.DemoZone.Images.Bebe40.png, Qios.DevSuite.DemoZone</ImageResource>
	</Friend>
</DsMyFriends>